model,seed,label,task,acc,f1,sen,pre,spe,mcc,auc,auc_reason,positive,negative,tp,tn,fp,fn,paper_full_acc_percent,paper_full_f1_percent,delta_acc_pp,delta_f1_pp
global,42,TonguePale,syndrome,0.8692737430167597,0.35359116022099446,0.34408602150537637,0.36363636363636365,0.9301745635910225,0.2810696501911736,0.7871986699916875,,93,802,32,746,56,61,87.93,41.94,-1.0026256983240387,-6.580883977900555
global,42,TipSideRed,syndrome,0.7184357541899441,0.6528925619834711,0.6422764227642277,0.6638655462184874,0.7718631178707225,0.4163202222330106,0.7774480406401021,,369,526,237,406,120,132,74.64,70.48,-2.7964245810055957,-5.190743801652886
global,42,Spot,syndrome,0.8212290502793296,0.8108747044917257,0.8127962085308057,0.8089622641509434,0.828752642706131,0.6413914194816293,0.8910653988357065,,422,473,343,392,81,79,81.23,81.12,0.8929050279329545,-0.032529550827433695
global,42,Ecchymosis,syndrome,0.9106145251396648,0.2857142857142857,0.1951219512195122,0.5333333333333333,0.982779827798278,0.28514371856492376,0.7558125581255812,,82,813,16,799,14,66,90.06,35.04,1.0014525139664698,-6.46857142857143
global,42,Crack,syndrome,0.8737430167597765,0.9261920313520575,0.9491298527443106,0.9043367346938775,0.49324324324324326,0.49860926512871045,0.8558649010456241,,747,148,709,73,75,38,86.15,91.81,1.2243016759776424,0.8092031352057489
global,42,Toothmark,syndrome,0.7452513966480447,0.8,0.8428835489833642,0.7612687813021702,0.596045197740113,0.4561787195304365,0.8222584249715426,,541,354,456,211,143,85,77.77,82.74,-3.2448603351955256,-2.739999999999995
global,42,FurThick,syndrome,0.9687150837988827,0.984,0.9896551724137931,0.9784090909090909,0.24,0.2947941739852977,0.8539770114942528,,870,25,861,6,19,9,97.54,98.75,-0.6684916201117375,-0.3499999999999943
global,42,FurYellow,syndrome,0.9184357541899442,0.7767584097859327,0.8141025641025641,0.7426900584795322,0.9404600811907984,0.728135963130324,0.9501231740744596,,156,739,127,695,44,29,93.07,80.13,-1.226424581005574,-2.454159021406724
global,42,Heart,organ,0.71731843575419,0.6768837803320562,0.6883116883116883,0.6658291457286433,0.7392156862745098,0.4259510079139735,0.77414820473644,,385,510,265,377,133,120,73.41,69.64,-1.6781564245810046,-1.9516219667943773
global,42,Lung,organ,0.6916201117318436,0.7299412915851272,0.7328094302554028,0.7270955165692008,0.6373056994818653,0.3705945414570144,0.7399503242159268,,509,386,373,246,140,136,70.61,76.45,-1.4479888268156458,-3.4558708414872825
global,42,Spleen,organ,0.9921787709497206,0.9960740325294447,0.9988751406074241,0.9932885906040269,0.0,-0.0027476156748138447,0.6559805024371954,,889,6,888,0,6,1,99.33,99.66,-0.1121229050279311,-0.05259674705553152
global,42,Liver,organ,0.7508379888268156,0.8065915004336514,0.8274021352313167,0.7868020304568528,0.6216216216216216,0.4582780552625302,0.8183931262223076,,562,333,465,207,126,97,77.88,82.84,-2.7962011173184322,-2.180849956634873
global,42,Kidney,organ,0.7877094972067039,0.849445324881141,0.9038785834738617,0.8011958146487295,0.5596026490066225,0.5044239432805133,0.8527076376712864,,593,302,536,169,133,57,79.22,84.75,-0.4490502793296116,0.19453248811410617
mllm,42,TonguePale,syndrome,0.7039106145251397,0.245014245014245,0.46236559139784944,0.16666666666666666,0.7319201995012469,0.13088507581026007,0.6464081731155981,,93,802,43,587,215,50,87.93,41.94,-17.53893854748604,-17.438575498575496
mllm,42,TipSideRed,syndrome,0.6379888268156425,0.55,0.5365853658536586,0.5641025641025641,0.7091254752851711,0.2477292944284115,0.6696394530485229,,369,526,198,373,153,171,74.64,70.48,-10.84111731843575,-15.479999999999997
mllm,42,Spot,syndrome,0.7061452513966481,0.630098452883263,0.5308056872037915,0.7750865051903114,0.8625792811839323,0.4199710204258601,0.786379166958909,,422,473,224,408,65,198,81.23,81.12,-10.615474860335198,-18.1101547116737
mllm,42,Ecchymosis,syndrome,0.5910614525139665,0.19383259911894274,0.5365853658536586,0.11827956989247312,0.5965559655596556,0.07793683769144333,0.6064710647106472,,82,813,44,485,328,38,90.06,35.04,-30.953854748603355,-15.656740088105725
mllm,42,Crack,syndrome,0.8346368715083798,0.9098660170523751,1.0,0.8346368715083798,0.0,0.0,0.771021021021021,,747,148,747,0,148,0,86.15,91.81,-2.6863128491620216,-0.8233982947624838
mllm,42,Toothmark,syndrome,0.6044692737430167,0.7534818941504178,1.0,0.6044692737430167,0.0,0.0,0.5685746211765197,,541,354,541,0,354,0,77.77,82.74,-17.323072625698323,-7.391810584958222
mllm,42,FurThick,syndrome,0.9720670391061452,0.9858356940509915,1.0,0.9720670391061452,0.0,0.0,0.8062528735632184,,870,25,870,0,25,0,97.54,98.75,-0.3332960893854846,-0.16643059490085932
mllm,42,FurYellow,syndrome,0.8949720670391061,0.6987179487179487,0.6987179487179487,0.6987179487179487,0.9364005412719891,0.6351184899899379,0.9140990944103258,,156,739,109,692,47,47,93.07,80.13,-3.5727932960893725,-10.258205128205134
mllm,42,Heart,organ,0.6189944134078212,0.5644955300127714,0.574025974025974,0.5552763819095478,0.6529411764705882,0.22613028372965904,0.6690603514132926,,385,510,221,333,177,164,73.41,69.64,-11.510558659217871,-13.190446998722862
mllm,42,Lung,organ,0.5810055865921788,0.7304097771387491,0.9980353634577603,0.5759637188208617,0.031088082901554404,0.12055614196476312,0.6444364139784399,,509,386,508,12,374,1,70.61,76.45,-12.509441340782118,-3.4090222861250936
mllm,42,Spleen,organ,0.9932960893854749,0.9966367713004485,1.0,0.9932960893854749,0.0,0.0,0.770153730783652,,889,6,889,0,6,0,99.33,99.66,-0.00039106145251821545,0.003677130044849264
mllm,42,Liver,organ,0.6279329608938548,0.7714481811942348,1.0,0.6279329608938548,0.0,0.0,0.577137635856497,,562,333,562,0,333,0,77.88,82.84,-15.086703910614517,-5.695181880576527
mllm,42,Kidney,organ,0.6625698324022347,0.7970430107526881,1.0,0.6625698324022347,0.0,0.0,0.689897591101482,,593,302,593,0,302,0,79.22,84.75,-12.963016759776536,-5.045698924731184
visual,42,TonguePale,syndrome,0.846927374301676,0.41702127659574467,0.5268817204301075,0.34507042253521125,0.8840399002493765,0.3431989815769834,0.7942911538358406,,93,802,49,709,93,44,87.93,41.94,-3.23726256983241,-0.2378723404255325
visual,42,TipSideRed,syndrome,0.7195530726256983,0.6603518267929634,0.6612466124661247,0.6594594594594595,0.7604562737642585,0.4215335197863988,0.7825022927035354,,369,526,244,400,126,125,74.64,70.48,-2.6846927374301686,-4.444817320703663
visual,42,Spot,syndrome,0.8022346368715084,0.7977142857142857,0.8270142180094787,0.7704194260485652,0.7801268498942917,0.6062003326442698,0.8799785577587849,,422,473,349,369,104,73,81.23,81.12,-1.006536312849164,-1.3485714285714323
visual,42,Ecchymosis,syndrome,0.8949720670391061,0.3380281690140845,0.2926829268292683,0.4,0.955719557195572,0.28654264836210047,0.7616776167761677,,82,813,24,777,36,58,90.06,35.04,-0.5627932960893816,-1.2371830985915508
visual,42,Crack,syndrome,0.8636871508379889,0.9204693611473272,0.9451137884872824,0.8970775095298602,0.4527027027027027,0.4537061824084025,0.8591935308802778,,747,148,706,67,81,41,86.15,91.81,0.21871508379888382,0.23693611473272824
visual,42,Toothmark,syndrome,0.7687150837988826,0.8179419525065963,0.8595194085027726,0.7802013422818792,0.6299435028248588,0.5074126949080112,0.8419332268137054,,541,354,465,223,131,76,77.77,82.74,-0.8984916201117272,-0.9458047493403683
visual,42,FurThick,syndrome,0.9664804469273743,0.9828767123287672,0.9896551724137931,0.9761904761904762,0.16,0.20611775024797255,0.8354942528735633,,870,25,861,4,21,9,97.54,98.75,-0.8919553072625774,-0.46232876712328164
visual,42,FurYellow,syndrome,0.9184357541899442,0.7833827893175074,0.8461538461538461,0.7292817679558011,0.9336941813261164,0.7365565620795693,0.9598730092640783,,156,739,132,690,49,24,93.07,80.13,-1.226424581005574,-1.7917210682492595
visual,42,Heart,organ,0.7284916201117319,0.6927939317319848,0.7116883116883117,0.6748768472906403,0.7411764705882353,0.4503669939577387,0.7857346574993634,,385,510,274,378,132,111,73.41,69.64,-0.5608379888268047,-0.3606068268015292
visual,42,Lung,organ,0.6860335195530727,0.7326355851569933,0.756385068762279,0.7103321033210332,0.5932642487046632,0.35432209272913706,0.745040056190641,,509,386,385,229,157,124,70.61,76.45,-2.0066480446927386,-3.1864414843006728
visual,42,Spleen,organ,0.9932960893854749,0.9966367713004485,1.0,0.9932960893854749,0.0,0.0,0.6925384326959131,,889,6,889,0,6,0,99.33,99.66,-0.00039106145251821545,0.003677130044849264
visual,42,Liver,organ,0.770949720670391,0.827295703454086,0.8736654804270463,0.7856,0.5975975975975976,0.4962857430591311,0.8276906800038472,,562,333,491,199,134,71,77.88,82.84,-0.7850279329608867,-0.11042965459139964
visual,42,Kidney,organ,0.7977653631284917,0.855084067253803,0.9005059021922428,0.8140243902439024,0.5960264900662252,0.5306736622657853,0.8572194364718627,,593,302,534,180,122,59,79.22,84.75,0.5565363128491612,0.7584067253802971
full,42,TonguePale,syndrome,0.8547486033519553,0.3564356435643564,0.3870967741935484,0.3302752293577982,0.9089775561097256,0.27625165723919903,0.7582656262569384,,93,802,36,729,73,57,87.93,41.94,-2.455139664804477,-6.296435643564358
full,42,TipSideRed,syndrome,0.6893854748603352,0.6293333333333333,0.6395663956639567,0.6194225721784777,0.7243346007604563,0.3622807453512032,0.7542015724339752,,369,526,236,381,145,133,74.64,70.48,-5.701452513966487,-7.546666666666674
full,42,Spot,syndrome,0.7899441340782123,0.7848970251716247,0.8127962085308057,0.7588495575221239,0.7695560253699789,0.5814353884254274,0.8721080528641423,,422,473,343,364,109,79,81.23,81.12,-2.2355865921787768,-2.630297482837534
full,42,Ecchymosis,syndrome,0.8681564245810056,0.23376623376623376,0.21951219512195122,0.25,0.933579335793358,0.1623817431455293,0.6784417844178442,,82,813,18,759,54,64,90.06,35.04,-3.244357541899447,-11.663376623376625
full,42,Crack,syndrome,0.8335195530726257,0.9012591119946984,0.9103078982597055,0.8923884514435696,0.44594594594594594,0.3720894974095447,0.7860903071746445,,747,148,680,66,82,67,86.15,91.81,-2.7980446927374345,-1.6840888005301622
full,42,Toothmark,syndrome,0.7307262569832402,0.7838565022421524,0.8077634011090573,0.7613240418118467,0.6129943502824858,0.42896704249797396,0.7998527522792067,,541,354,437,217,137,104,77.77,82.74,-4.697374301675978,-4.354349775784755
full,42,FurThick,syndrome,0.9698324022346368,0.9846153846153847,0.993103448275862,0.976271186440678,0.16,0.24001753296565148,0.8632183908045976,,870,25,864,4,21,6,97.54,98.75,-0.5567597765363246,-0.288461538461533
full,42,FurYellow,syndrome,0.9229050279329609,0.7781350482315113,0.7756410256410257,0.7806451612903226,0.9539918809201624,0.7314880269188757,0.9483189341105445,,156,739,121,705,34,35,93.07,80.13,-0.7794972067038941,-2.316495176848875
full,42,Heart,organ,0.6849162011173184,0.6544117647058824,0.6935064935064935,0.6194895591647331,0.6784313725490196,0.36854304729351123,0.747038451744334,,385,510,267,346,164,118,73.41,69.64,-4.918379888268149,-4.198823529411769
full,42,Lung,organ,0.6793296089385474,0.7243035542747358,0.7406679764243614,0.7086466165413534,0.5984455958549223,0.3420492060151437,0.7268188157211641,,509,386,377,231,155,132,70.61,76.45,-2.6770391061452585,-4.019644572526417
full,42,Spleen,organ,0.9932960893854749,0.9966367713004485,1.0,0.9932960893854749,0.0,0.0,0.7851518560179978,,889,6,889,0,6,0,99.33,99.66,-0.00039106145251821545,0.003677130044849264
full,42,Liver,organ,0.7318435754189944,0.7872340425531915,0.7900355871886121,0.784452296819788,0.6336336336336337,0.42472812852710523,0.7815288598206748,,562,333,444,211,122,118,77.88,82.84,-4.695642458100565,-4.1165957446808505
full,42,Kidney,organ,0.7508379888268156,0.8223107569721115,0.8701517706576728,0.7794561933534743,0.5165562913907285,0.4166842539255553,0.798811744078264,,593,302,516,156,146,77,79.22,84.75,-4.136201117318436,-2.5189243027888466
B,42,TonguePale,syndrome,0.8592178770949721,0.37623762376237624,0.40860215053763443,0.3486238532110092,0.9114713216957606,0.2986440163597065,0.7793017456359101,,93,802,38,731,71,55,87.93,41.94,-2.0082122905027973,-4.316237623762376
B,42,TipSideRed,syndrome,0.7363128491620111,0.6802168021680217,0.6802168021680217,0.6802168021680217,0.7756653992395437,0.4558822014075654,0.7931826846785579,,369,526,251,408,118,118,74.64,70.48,-1.00871508379889,-2.4583197831978367
B,42,Spot,syndrome,0.829050279329609,0.8197879858657244,0.8246445497630331,0.8149882903981265,0.8329809725158562,0.6572469683237402,0.8891365991002274,,422,473,348,394,79,74,81.23,81.12,1.6750279329608873,0.8587985865724335
B,42,Ecchymosis,syndrome,0.9005586592178771,0.32061068702290074,0.25609756097560976,0.42857142857142855,0.965559655596556,0.28109353216266203,0.7514475144751447,,82,813,21,785,28,61,90.06,35.04,-0.004134078212288728,-2.978931297709927
B,42,Crack,syndrome,0.8670391061452514,0.9225764476252439,0.9491298527443106,0.8974683544303798,0.4527027027027027,0.46390396310977117,0.8339212706682586,,747,148,709,67,81,38,86.15,91.81,0.5539106145251367,0.44764476252439067
B,42,Toothmark,syndrome,0.7541899441340782,0.810671256454389,0.8706099815157117,0.7584541062801933,0.576271186440678,0.47410139750387675,0.8293962843447475,,541,354,471,204,150,70,77.77,82.74,-2.3510055865921657,-1.6728743545611025
B,42,FurThick,syndrome,0.964245810055866,0.9817351598173516,0.9885057471264368,0.9750566893424036,0.12,0.14944328435797702,0.864183908045977,,870,25,860,3,22,10,97.54,98.75,-1.1154189944134174,-0.5764840182648356
B,42,FurYellow,syndrome,0.9139664804469274,0.7586206896551724,0.7756410256410257,0.7423312883435583,0.9431664411366711,0.7065578981279463,0.9545643801394816,,156,739,121,697,42,35,93.07,80.13,-1.673351955307254,-4.267931034482757
B,42,Heart,organ,0.7039106145251397,0.6526867627785059,0.6467532467532467,0.6587301587301587,0.7470588235294118,0.39474197020845186,0.7841354723707663,,385,510,249,381,129,136,73.41,69.64,-3.01893854748603,-4.371323722149413
B,42,Lung,organ,0.6960893854748603,0.7379576107899807,0.7524557956777996,0.724007561436673,0.6217616580310881,0.3769712278586541,0.7565174017936215,,509,386,383,240,146,126,70.61,76.45,-1.0010614525139658,-2.6542389210019337
B,42,Spleen,organ,0.9910614525139665,0.9955106621773289,0.9977502812148481,0.9932810750279956,0.0,-0.00388789039525864,0.6490438695163105,,889,6,887,0,6,2,99.33,99.66,-0.22385474860334398,-0.10893378226711548
B,42,Liver,organ,0.7486033519553073,0.8117154811715481,0.8629893238434164,0.7661927330173776,0.5555555555555556,0.44461059420681887,0.8158122535346735,,562,333,485,185,148,77,77.88,82.84,-3.019664804469272,-1.66845188284519
B,42,Kidney,organ,0.7932960893854749,0.852589641434263,0.9021922428330523,0.8081570996978852,0.5794701986754967,0.518999148920849,0.8408250784539272,,593,302,535,175,127,58,79.22,84.75,0.10960893854749543,0.5089641434262973
BA,42,TonguePale,syndrome,0.8715083798882681,0.36464088397790057,0.3548387096774194,0.375,0.9314214463840399,0.2933671343973283,0.7913415386265519,,93,802,33,747,55,60,87.93,41.94,-0.7791620111731987,-5.4759116022099406
BA,42,TipSideRed,syndrome,0.71731843575419,0.6613119143239625,0.6693766937669376,0.6534391534391535,0.7509505703422054,0.4188923649847432,0.7876441311941635,,369,526,247,395,131,122,74.64,70.48,-2.9081564245810085,-4.348808567603754
BA,42,Spot,syndrome,0.7877094972067039,0.7688564476885644,0.7488151658767772,0.79,0.8224101479915433,0.5735372711958988,0.8793673536867629,,422,473,316,389,84,106,81.23,81.12,-2.4590502793296167,-4.234355231143567
BA,42,Ecchymosis,syndrome,0.9005586592178771,0.36879432624113473,0.3170731707317073,0.4406779661016949,0.959409594095941,0.3214334859268641,0.7432124321243212,,82,813,26,780,33,56,90.06,35.04,-0.004134078212288728,1.8394326241134706
BA,42,Crack,syndrome,0.8625698324022346,0.9193442622950819,0.9384203480589023,0.9010282776349614,0.4797297297297297,0.46082985916539393,0.8403343102138283,,747,148,701,71,77,46,86.15,91.81,0.10698324022345673,0.12442622950818816
BA,42,Toothmark,syndrome,0.7743016759776536,0.8189964157706093,0.844731977818854,0.7947826086956522,0.6666666666666666,0.5217361445885969,0.8371085142600541,,541,354,457,236,118,84,77.77,82.74,-0.3398324022346344,-0.8403584229390617
BA,42,FurThick,syndrome,0.9653631284916201,0.9822958309537407,0.9885057471264368,0.9761634506242906,0.16,0.1972063611822405,0.8673563218390804,,870,25,860,4,21,10,97.54,98.75,-1.0036871508379903,-0.5204169046259324
BA,42,FurYellow,syndrome,0.9217877094972067,0.7784810126582279,0.7884615384615384,0.76875,0.9499323410013532,0.731086805089176,0.9555619166579925,,156,739,123,702,37,33,93.07,80.13,-0.8912290502793212,-2.2818987341772043
BA,42,Heart,organ,0.7229050279329609,0.6795865633074936,0.6831168831168831,0.6760925449871465,0.7529411764705882,0.43552161262986533,0.7892284186401834,,385,510,263,384,126,122,73.41,69.64,-1.1194972067039117,-1.6813436692506372
BA,42,Lung,organ,0.6826815642458101,0.7360594795539034,0.7779960707269156,0.6984126984126984,0.5569948186528497,0.34431590777847304,0.7503333774443439,,509,386,396,215,171,113,70.61,76.45,-2.3418435754189915,-2.8440520446096684
BA,42,Spleen,organ,0.9932960893854749,0.9966329966329966,0.9988751406074241,0.9944008958566629,0.16666666666666666,0.2860839349177816,0.7283464566929134,,889,6,888,1,5,1,99.33,99.66,-0.00039106145251821545,0.0032996632996713515
BA,42,Liver,organ,0.7642458100558659,0.8185726569217541,0.8469750889679716,0.7920133111480865,0.6246246246246246,0.485347621885422,0.8204717172688705,,562,333,476,208,125,86,77.88,82.84,-1.4554189944134066,-0.9827343078246003
BA,42,Kidney,organ,0.7798882681564245,0.8425259792166268,0.8887015177065767,0.8009118541033434,0.5662251655629139,0.4875117741514718,0.8576549814055817,,593,302,527,171,131,66,79.22,84.75,-1.2311731843575444,-0.4974020783373305
BU,42,TonguePale,syndrome,0.864804469273743,0.3314917127071823,0.3225806451612903,0.3409090909090909,0.9276807980049875,0.25647468177886423,0.7685222427801466,,93,802,30,744,58,63,87.93,41.94,-1.4495530726257044,-8.79082872928177
BU,42,TipSideRed,syndrome,0.7184357541899441,0.6557377049180327,0.6504065040650406,0.6611570247933884,0.7661596958174905,0.4176196787317805,0.776273352087133,,369,526,240,403,123,129,74.64,70.48,-2.7964245810055957,-4.906229508196731
BU,42,Spot,syndrome,0.8256983240223463,0.8194444444444444,0.8388625592417062,0.8009049773755657,0.813953488372093,0.651804541216977,0.8945272186206827,,422,473,354,385,88,68,81.23,81.12,1.3398324022346344,0.8244444444444383
BU,42,Ecchymosis,syndrome,0.8938547486033519,0.2857142857142857,0.23170731707317074,0.37254901960784315,0.9606396063960639,0.23937629010071695,0.7503225032250322,,82,813,19,781,32,63,90.06,35.04,-0.6745251396648086,-6.46857142857143
BU,42,Crack,syndrome,0.8558659217877095,0.9155206286836935,0.9357429718875502,0.8961538461538462,0.4527027027027027,0.4312461460933693,0.8486920655595354,,747,148,699,67,81,48,86.15,91.81,-0.5634078212290632,-0.2579371316306407
BU,42,Toothmark,syndrome,0.7608938547486034,0.8058076225045372,0.8207024029574861,0.7914438502673797,0.6694915254237288,0.49557972145384066,0.828284094113224,,541,354,444,237,117,97,77.77,82.74,-1.68061452513966,-2.1592377495462785
BU,42,FurThick,syndrome,0.9709497206703911,0.9851767388825542,0.993103448275862,0.9773755656108597,0.2,0.28879999718665583,0.8355402298850575,,870,25,864,5,20,6,97.54,98.75,-0.4450279329608975,-0.23232611174458384
BU,42,FurYellow,syndrome,0.9083798882681564,0.7302631578947368,0.7115384615384616,0.75,0.9499323410013532,0.6754668483335383,0.9494379098573956,,156,739,111,702,37,45,93.07,80.13,-2.232011173184347,-7.1036842105263105
BU,42,Heart,organ,0.7094972067039106,0.6569920844327177,0.6467532467532467,0.6675603217158177,0.7568627450980392,0.40531637579685637,0.7760071301247773,,385,510,249,386,124,136,73.41,69.64,-2.4602793296089374,-3.940791556728229
BU,42,Lung,organ,0.6782122905027933,0.7225433526011561,0.7367387033398821,0.7088846880907372,0.6010362694300518,0.3402605756706888,0.7425766259148794,,509,386,375,232,154,134,70.61,76.45,-2.7887709497206714,-4.195664739884393
BU,42,Spleen,organ,0.9932960893854749,0.9966367713004485,1.0,0.9932960893854749,0.0,0.0,0.7120359955005624,,889,6,889,0,6,0,99.33,99.66,-0.00039106145251821545,0.003677130044849264
BU,42,Liver,organ,0.7631284916201118,0.8096947935368043,0.802491103202847,0.8170289855072463,0.6966966966966966,0.4962924156385394,0.8199694356277986,,562,333,451,232,101,111,77.88,82.84,-1.5671508379888195,-1.8705206463195765
BU,42,Kidney,organ,0.7854748603351955,0.8461538461538461,0.8903878583473862,0.8061068702290076,0.5794701986754967,0.5015003330223898,0.849022257462895,,593,302,528,175,127,65,79.22,84.75,-0.6725139664804516,-0.1346153846153868
BM,42,TonguePale,syndrome,0.8502793296089386,0.3619047619047619,0.40860215053763443,0.3247863247863248,0.9014962593516209,0.28070197501547167,0.772102003056874,,93,802,38,723,79,55,87.93,41.94,-2.902067039106143,-5.749523809523808
BM,42,TipSideRed,syndrome,0.6826815642458101,0.6263157894736842,0.6449864498644986,0.6086956521739131,0.7091254752851711,0.35143334048389263,0.7615948973177945,,369,526,238,373,153,131,74.64,70.48,-6.371843575418993,-7.848421052631586
BM,42,Spot,syndrome,0.7865921787709497,0.776084407971864,0.7843601895734598,0.7679814385150812,0.7885835095137421,0.5724019678639946,0.8682454435237418,,422,473,331,373,100,91,81.23,81.12,-2.570782122905044,-3.511559202813615
BM,42,Ecchymosis,syndrome,0.8793296089385475,0.23943661971830985,0.2073170731707317,0.2833333333333333,0.947109471094711,0.17813747372511016,0.6862868628686287,,82,813,17,770,43,65,90.06,35.04,-2.127039106145247,-11.096338028169015
BM,42,Crack,syndrome,0.8279329608938547,0.8984168865435356,0.9116465863453815,0.8855656697009102,0.40540540540540543,0.3386672505320707,0.7789717428271646,,747,148,681,60,88,66,86.15,91.81,-3.3567039106145415,-1.9683113456464412
BM,42,Toothmark,syndrome,0.7418994413407821,0.7931960608773501,0.8188539741219963,0.7690972222222222,0.6242937853107344,0.4524204612377808,0.7907776977140053,,541,354,443,221,133,98,77.77,82.74,-3.5800558659217785,-3.4203939122649842
BM,42,FurThick,syndrome,0.9687150837988827,0.984036488027366,0.9919540229885058,0.9762443438914027,0.16,0.2272580930242613,0.8360459770114943,,870,25,863,4,21,7,97.54,98.75,-0.6684916201117375,-0.34635119726340236
BM,42,FurYellow,syndrome,0.9173184357541899,0.76875,0.7884615384615384,0.75,0.9445196211096076,0.7187812135317491,0.9499583636931405,,156,739,123,698,41,33,93.07,80.13,-1.3381564245810011,-3.2549999999999955
BM,42,Heart,organ,0.6893854748603352,0.682648401826484,0.7766233766233767,0.6089613034623218,0.6235294117647059,0.3981162198260387,0.7620422714540361,,385,510,299,318,192,86,73.41,69.64,-4.471452513966483,-1.3751598173516015
BM,42,Lung,organ,0.6871508379888268,0.736346516007533,0.768172888015717,0.7070524412296564,0.5803108808290155,0.3551889773842403,0.7358887181001049,,509,386,391,224,162,118,70.61,76.45,-1.8949162011173115,-2.8153483992467017
BM,42,Spleen,organ,0.9932960893854749,0.9966367713004485,1.0,0.9932960893854749,0.0,0.0,0.7789651293588301,,889,6,889,0,6,0,99.33,99.66,-0.00039106145251821545,0.003677130044849264
BM,42,Liver,organ,0.740782122905028,0.7939609236234458,0.7953736654804271,0.7925531914893617,0.6486486486486487,0.44457140121845523,0.7898699411154927,,562,333,447,216,117,115,77.88,82.84,-3.801787709497191,-3.443907637655414
BM,42,Kidney,organ,0.7541899441340782,0.8231511254019293,0.863406408094435,0.7864823348694316,0.5397350993377483,0.42805830366306774,0.7985772198831846,,593,302,512,163,139,81,79.22,84.75,-3.8010055865921686,-2.434887459807072
B,43,TonguePale,syndrome,0.8659217877094972,0.4,0.43010752688172044,0.37383177570093457,0.9164588528678305,0.3259568337472135,0.8016785992009224,,93,802,40,735,67,53,87.93,41.94,-1.3378212290502773,-1.9399999999999977
B,43,TipSideRed,syndrome,0.7240223463687151,0.6611796982167353,0.6531165311653117,0.6694444444444444,0.7737642585551331,0.42853325051012053,0.790390223293868,,369,526,241,407,119,128,74.64,70.48,-2.2377653631284886,-4.362030178326478
B,43,Spot,syndrome,0.8189944134078212,0.8094117647058824,0.8151658767772512,0.8037383177570093,0.8224101479915433,0.6371452484346039,0.8892518260974118,,422,473,344,389,84,78,81.23,81.12,0.6694413407821145,-0.1788235294117726
B,43,Ecchymosis,syndrome,0.9094972067039107,0.3305785123966942,0.24390243902439024,0.5128205128205128,0.976629766297663,0.3116413188357797,0.7656526565265653,,82,813,20,794,19,62,90.06,35.04,0.889720670391057,-1.982148760330574
B,43,Crack,syndrome,0.8581005586592179,0.9171559034572733,0.9410977242302544,0.8944020356234097,0.4391891891891892,0.43199430066771694,0.8307102283005898,,747,148,703,65,83,44,86.15,91.81,-0.3399441340782232,-0.09440965427268111
B,43,Toothmark,syndrome,0.7597765363128491,0.8118985126859143,0.8576709796672828,0.770764119601329,0.6101694915254238,0.48749031965090045,0.839176248211619,,541,354,464,216,138,77,77.77,82.74,-1.7923463687150871,-1.5501487314085693
B,43,FurThick,syndrome,0.9743016759776536,0.9869095048377917,0.996551724137931,0.9774520856820744,0.2,0.34411189481228965,0.8089655172413792,,870,25,867,5,20,3,97.54,98.75,-0.10983240223464463,-0.059049516220824216
B,43,FurYellow,syndrome,0.9072625698324023,0.746177370030581,0.782051282051282,0.7134502923976608,0.9336941813261164,0.6906782565811258,0.9479112452725443,,156,739,122,690,49,34,93.07,80.13,-2.3437430167597597,-5.512262996941885
B,43,Heart,organ,0.7184357541899441,0.6727272727272727,0.6727272727272727,0.6727272727272727,0.7529411764705882,0.42566844919786095,0.7909243697478991,,385,510,259,384,126,126,73.41,69.64,-1.5664245810055917,-2.3672727272727343
B,43,Lung,organ,0.6905027932960894,0.7374407582938388,0.7642436149312377,0.7124542124542125,0.5932642487046632,0.3630187922143822,0.7443936602298523,,509,386,389,229,157,120,70.61,76.45,-1.5597206703910587,-2.7059241706161146
B,43,Spleen,organ,0.9921787709497206,0.9960740325294447,0.9988751406074241,0.9932885906040269,0.0,-0.0027476156748138447,0.4964379452568429,,889,6,888,0,6,1,99.33,99.66,-0.1121229050279311,-0.05259674705553152
B,43,Liver,organ,0.7642458100558659,0.8228379513014273,0.8718861209964412,0.7790143084260731,0.5825825825825826,0.48064907951708663,0.832895172752824,,562,333,490,194,139,72,77.88,82.84,-1.4554189944134066,-0.5562048698572681
B,43,Kidney,organ,0.7743016759776536,0.8368336025848142,0.8735244519392917,0.8031007751937984,0.5794701986754967,0.47739078319856987,0.8382843996738997,,593,302,518,175,127,75,79.22,84.75,-1.7898324022346372,-1.0666397415185855
visual,43,TonguePale,syndrome,0.8536312849162011,0.38497652582159625,0.44086021505376344,0.3416666666666667,0.9014962593516209,0.30659546696740686,0.799667497921862,,93,802,41,723,79,52,87.93,41.94,-2.56687150837989,-3.4423474178403737
visual,43,TipSideRed,syndrome,0.7284916201117319,0.6746987951807228,0.6829268292682927,0.6666666666666666,0.7604562737642585,0.4418694966580909,0.7979071996043154,,369,526,252,400,126,117,74.64,70.48,-1.7908379888268087,-3.0101204819277143
visual,43,Spot,syndrome,0.8134078212290503,0.8028335301062574,0.8056872037914692,0.8,0.8202959830866807,0.6257575102059088,0.8831397853771931,,422,473,340,388,85,82,81.23,81.12,0.11078212290502165,-0.8366469893742732
visual,43,Ecchymosis,syndrome,0.8927374301675978,0.30434782608695654,0.25609756097560976,0.375,0.956949569495695,0.25377737107799236,0.7520775207752077,,82,813,21,778,35,61,90.06,35.04,-0.7862569832402215,-4.605217391304343
visual,43,Crack,syndrome,0.8536312849162011,0.9146579804560261,0.9397590361445783,0.8908629441624365,0.4189189189189189,0.41071526645851764,0.8267393899924019,,747,148,702,62,86,45,86.15,91.81,-0.786871508379889,-0.3442019543973913
visual,43,Toothmark,syndrome,0.7620111731843575,0.816220880069025,0.8743068391866913,0.7653721682847896,0.5903954802259888,0.49151975961297556,0.8338972607746692,,541,354,473,209,145,68,77.77,82.74,-1.5688826815642472,-1.1179119930974935
visual,43,FurThick,syndrome,0.9687150837988827,0.9840182648401826,0.9908045977011494,0.9773242630385488,0.2,0.26279221613796805,0.843264367816092,,870,25,862,5,20,8,97.54,98.75,-0.6684916201117375,-0.34817351598174184
visual,43,FurYellow,syndrome,0.9162011173184358,0.7663551401869159,0.7884615384615384,0.7454545454545455,0.9431664411366711,0.7157665886131704,0.9534974497762048,,156,739,123,697,42,33,93.07,80.13,-1.449888268156414,-3.494485981308415
visual,43,Heart,organ,0.7374301675977654,0.6920052424639581,0.6857142857142857,0.6984126984126984,0.7764705882352941,0.46327622109818306,0.7948408454290807,,385,510,264,396,114,121,73.41,69.64,0.333016759776541,-0.4394757536041851
visual,43,Lung,organ,0.6960893854748603,0.7467411545623837,0.787819253438114,0.7097345132743362,0.5751295336787565,0.3725775642035307,0.7525321416574203,,509,386,401,222,164,108,70.61,76.45,-1.0010614525139658,-1.7758845437616344
visual,43,Spleen,organ,0.9899441340782122,0.9949466591802358,0.9966254218222722,0.9932735426008968,0.0,-0.00476434217415469,0.6482939632545931,,889,6,886,0,6,3,99.33,99.66,-0.33558659217877107,-0.16533408197641108
visual,43,Liver,organ,0.7620111731843575,0.8220551378446115,0.8754448398576512,0.7748031496062993,0.5705705705705706,0.47486110888802535,0.8167526957562545,,562,333,492,190,143,70,77.88,82.84,-1.6788826815642466,-0.6344862155388569
visual,43,Kidney,organ,0.7921787709497207,0.8475409836065574,0.8718381112984823,0.8245614035087719,0.6357615894039735,0.524023795118653,0.8420088672481378,,593,302,517,192,110,76,79.22,84.75,-0.0021229050279316652,0.004098360655731881
full,43,TonguePale,syndrome,0.8625698324022346,0.32786885245901637,0.3225806451612903,0.3333333333333333,0.9251870324189526,0.25139354001743314,0.7452873193360685,,93,802,30,742,60,63,87.93,41.94,-1.6730167597765444,-9.153114754098361
full,43,TipSideRed,syndrome,0.6759776536312849,0.6164021164021164,0.6314363143631436,0.6020671834625323,0.7072243346007605,0.3364987480558572,0.7481478046719631,,369,526,233,372,154,136,74.64,70.48,-7.0422346368715125,-8.839788359788365
full,43,Spot,syndrome,0.7832402234636872,0.7695961995249406,0.7677725118483413,0.7714285714285715,0.7970401691331924,0.5649627115419855,0.863170445778183,,422,473,324,377,96,98,81.23,81.12,-2.9059776536312825,-4.160380047505939
full,43,Ecchymosis,syndrome,0.8569832402234637,0.24705882352941178,0.25609756097560976,0.23863636363636365,0.9175891758917589,0.1682831960195879,0.6961269612696127,,82,813,21,746,67,61,90.06,35.04,-4.361675977653633,-10.334117647058822
full,43,Crack,syndrome,0.8268156424581006,0.8974189278623428,0.9076305220883534,0.887434554973822,0.4189189189189189,0.34320829530754704,0.787682260573827,,747,148,678,62,86,69,86.15,91.81,-3.4684357541899544,-2.068107213765728
full,43,Toothmark,syndrome,0.7396648044692737,0.7899008115419297,0.8096118299445472,0.7711267605633803,0.632768361581921,0.4492084236982735,0.7982340716605575,,541,354,438,224,130,103,77.77,82.74,-3.8035195530726185,-3.7499188458070307
full,43,FurThick,syndrome,0.9687150837988827,0.9840728100113766,0.9942528735632183,0.9740990990990991,0.08,0.13889524978407314,0.8382528735632184,,870,25,865,2,23,5,97.54,98.75,-0.6684916201117375,-0.34271899886233825
full,43,FurYellow,syndrome,0.9128491620111732,0.7592592592592593,0.7884615384615384,0.7321428571428571,0.939106901217862,0.7068650745138064,0.9498282502342044,,156,739,123,694,45,33,93.07,80.13,-1.785083798882681,-4.204074074074072
full,43,Heart,organ,0.6793296089385474,0.6478527607361964,0.6857142857142857,0.6139534883720931,0.6745098039215687,0.3569665328516301,0.7524624395212631,,385,510,264,344,166,121,73.41,69.64,-5.477039106145256,-4.854723926380359
full,43,Lung,organ,0.6893854748603352,0.7392120075046904,0.7740667976424361,0.7073608617594255,0.5777202072538861,0.35937378045435503,0.7407036045481845,,509,386,394,223,163,115,70.61,76.45,-1.6714525139664858,-2.5287992495309624
full,43,Spleen,organ,0.9932960893854749,0.9966367713004485,1.0,0.9932960893854749,0.0,0.0,0.7757780277465317,,889,6,889,0,6,0,99.33,99.66,-0.00039106145251821545,0.003677130044849264
full,43,Liver,organ,0.7340782122905027,0.7937608318890814,0.8149466192170819,0.7736486486486487,0.5975975975975976,0.42138455204501674,0.7856379511183782,,562,333,458,199,134,104,77.88,82.84,-4.472178770949725,-3.4639168110918632
full,43,Kidney,organ,0.7597765363128491,0.826192400970089,0.8617200674536256,0.7934782608695652,0.5596026490066225,0.4434716884247594,0.8000960432417944,,593,302,511,169,133,82,79.22,84.75,-3.24234636871509,-2.1307599029911017
B,44,TonguePale,syndrome,0.8681564245810056,0.40404040404040403,0.43010752688172044,0.38095238095238093,0.9189526184538653,0.33099446270855476,0.763454267556914,,93,802,40,737,65,53,87.93,41.94,-1.1143575418994516,-1.5359595959595964
B,44,TipSideRed,syndrome,0.711731843575419,0.643646408839779,0.6314363143631436,0.6563380281690141,0.7680608365019012,0.4019839238116401,0.772646243572702,,369,526,233,404,122,136,74.64,70.48,-3.4668156424581014,-6.1153591160221055
B,44,Spot,syndrome,0.7977653631284917,0.762778505897772,0.6895734597156398,0.8533724340175953,0.8942917547568711,0.6001603852844504,0.8905393625442122,,422,473,291,423,50,131,81.23,81.12,-1.453463687150844,-4.842149410222802
B,44,Ecchymosis,syndrome,0.8905027932960894,0.2898550724637681,0.24390243902439024,0.35714285714285715,0.955719557195572,0.23778562657930877,0.6572465724657246,,82,813,20,777,36,62,90.06,35.04,-1.0097206703910615,-6.054492753623187
B,44,Crack,syndrome,0.8335195530726257,0.9031838856400259,0.9303882195448461,0.8775252525252525,0.34459459459459457,0.3201219897449936,0.8374488946778103,,747,148,695,51,97,52,86.15,91.81,-2.7980446927374345,-1.491611435997413
B,44,Toothmark,syndrome,0.753072625698324,0.7860600193610843,0.7504621072088724,0.8252032520325203,0.7570621468926554,0.49879488436923863,0.8307121150411981,,541,354,406,268,86,135,77.77,82.74,-2.462737430167593,-4.133998063891568
B,44,FurThick,syndrome,0.9720670391061452,0.9857712009106432,0.9954022988505747,0.9763246899661782,0.16,0.27206975543053546,0.885655172413793,,870,25,866,4,21,4,97.54,98.75,-0.3332960893854846,-0.17287990893568406
B,44,FurYellow,syndrome,0.9139664804469274,0.7616099071207431,0.7884615384615384,0.7365269461077845,0.9404600811907984,0.7098088741058862,0.9545210089865029,,156,739,123,695,44,33,93.07,80.13,-1.673351955307254,-3.9690092879256866
B,44,Heart,organ,0.7217877094972067,0.6860025220680959,0.7064935064935065,0.6666666666666666,0.7333333333333333,0.43722261631227505,0.7913267125031831,,385,510,272,374,136,113,73.41,69.64,-1.2312290502793246,-1.0397477931904149
B,44,Lung,organ,0.6893854748603352,0.7157464212678937,0.68762278978389,0.746268656716418,0.6917098445595855,0.37616772422201933,0.7557946598532121,,509,386,350,267,119,159,70.61,76.45,-1.6714525139664858,-4.875357873210632
B,44,Spleen,organ,0.9910614525139665,0.9955056179775281,0.9966254218222722,0.9943883277216611,0.16666666666666666,0.19976656486006178,0.8498312710911136,,889,6,886,1,5,3,99.33,99.66,-0.22385474860334398,-0.10943820224719047
B,44,Liver,organ,0.7553072625698324,0.7981566820276498,0.7704626334519573,0.8279158699808795,0.7297297297297297,0.49057455311090786,0.8198679106152416,,562,333,433,243,90,129,77.88,82.84,-2.3492737430167523,-3.024331797235021
B,44,Kidney,organ,0.7731843575418994,0.8382470119521912,0.8870151770657673,0.7945619335347432,0.5496688741721855,0.4705341986599204,0.8300648850273054,,593,302,526,166,136,67,79.22,84.75,-1.9015642458100643,-0.9252988047808799
visual,44,TonguePale,syndrome,0.8022346368715084,0.3218390804597701,0.45161290322580644,0.25,0.8428927680798005,0.23014443321958578,0.7801330008312551,,93,802,42,676,126,51,87.93,41.94,-7.706536312849167,-9.756091954022985
visual,44,TipSideRed,syndrome,0.7273743016759776,0.6684782608695652,0.6666666666666666,0.670299727520436,0.7699619771863118,0.43698676609373854,0.7829968984100488,,369,526,246,405,121,123,74.64,70.48,-1.9025698324022358,-3.632173913043488
visual,44,Spot,syndrome,0.8145251396648044,0.8078703703703703,0.8270142180094787,0.7895927601809954,0.8033826638477801,0.6294201128564566,0.8922727773714216,,422,473,349,380,93,73,81.23,81.12,0.22251396648043453,-0.33296296296296646
visual,44,Ecchymosis,syndrome,0.8837988826815643,0.34177215189873417,0.32926829268292684,0.35526315789473684,0.939729397293973,0.2783889560895442,0.7545975459754597,,82,813,27,764,49,55,90.06,35.04,-1.6801117318435814,-0.862784810126584
visual,44,Crack,syndrome,0.8581005586592179,0.91683038637852,0.9370816599732262,0.8974358974358975,0.4594594594594595,0.4402335788737527,0.8416006367813597,,747,148,700,68,80,47,86.15,91.81,-0.3399441340782232,-0.12696136214800902
visual,44,Toothmark,syndrome,0.7474860335195531,0.8087986463620981,0.8835489833641405,0.7457098283931357,0.53954802259887,0.458874941941209,0.8276679511680608,,541,354,478,191,163,63,77.77,82.74,-3.0213966480446857,-1.8601353637901923
visual,44,FurThick,syndrome,0.9664804469273743,0.9828178694158075,0.9862068965517241,0.9794520547945206,0.28,0.3043127015451483,0.8950344827586207,,870,25,858,7,18,12,97.54,98.75,-0.8919553072625774,-0.4682130584192521
visual,44,FurYellow,syndrome,0.9206703910614525,0.7867867867867868,0.8397435897435898,0.7401129943502824,0.9377537212449256,0.7405161912774344,0.956290552028035,,156,739,131,693,46,25,93.07,80.13,-1.002960893854734,-1.4513213213213163
visual,44,Heart,organ,0.7139664804469273,0.673469387755102,0.6857142857142857,0.6616541353383458,0.7352941176470589,0.4193522052528353,0.7816042780748663,,385,510,264,375,135,121,73.41,69.64,-2.0133519553072574,-2.2930612244898043
visual,44,Lung,organ,0.6815642458100558,0.7318908748824082,0.7642436149312377,0.7021660649819494,0.572538860103627,0.34345508914321143,0.7591029856367764,,509,386,389,221,165,120,70.61,76.45,-2.4535754189944186,-3.260912511759173
visual,44,Spleen,organ,0.9910614525139665,0.9955056179775281,0.9966254218222722,0.9943883277216611,0.16666666666666666,0.19976656486006178,0.8344581927259093,,889,6,886,1,5,3,99.33,99.66,-0.22385474860334398,-0.10943820224719047
visual,44,Liver,organ,0.7519553072625699,0.8177339901477833,0.8861209964412812,0.7591463414634146,0.5255255255255256,0.44974242239324697,0.8118527780449489,,562,333,498,175,158,64,77.88,82.84,-2.684469273743005,-1.0666009852216831
visual,44,Kidney,organ,0.7754189944134078,0.841106719367589,0.897133220910624,0.7916666666666666,0.5364238410596026,0.4739581708244151,0.8347162815630479,,593,302,532,162,140,61,79.22,84.75,-1.6781005586592244,-0.6393280632411091
