model,seed,epochs,best_epoch,epoch_seconds_mean_with_checkpoint,peak_allocated_gib,best_selected_val_loss,minimum_val_loss,minimum_val_loss_epoch
global,42,155,104,6.375602329671035,2.890658378601074,3.5011593765682645,1.2793410265887226,5
mllm,42,81,30,0.43699566219754754,0.1923847198486328,1.53039844389315,1.4401138049584847,79
visual,42,100,49,47.37539129623988,15.306788444519043,2.4425230423609414,1.290142920282152,5
full,42,147,96,47.07008491725843,15.449976921081543,4.203154466770314,3.7537342530709727,66
B,42,159,108,20.56969021429552,8.810553550720215,3.164514038297865,1.2910526196161907,6
BA,42,132,81,28.670476101719913,11.288897514343262,3.0879351518772267,1.3127097288767497,9
BU,42,181,130,38.1694345093427,13.03813123703003,3.3226714222519487,1.2789263173385903,6
BM,42,134,83,20.851436512118944,8.922226905822754,4.250447441030432,3.797697826668068,63
B,43,143,92,20.547804641181763,8.810553550720215,3.2516251316776983,1.3554946184158325,3
visual,43,132,81,47.976638614816515,15.306788444519043,2.965459461565371,1.3154459176240143,5
full,43,150,99,47.4682153243199,15.449976921081543,4.492660919825236,2.475934063946759,1
B,44,77,26,20.81873106637663,8.810553550720215,2.2715887184496277,1.368439930456656,5
visual,44,111,60,47.485742632523056,15.306788444519043,2.5364682806862726,1.2943811063413266,7
