variant,seed,label,task,acc,f1,sen,pre,spe,mcc,auc,auc_reason,positive,negative,tp,tn,fp,fn
P0,42,TonguePale,syndrome,0.8547486033519553,0.3564356435643564,0.3870967741935484,0.3302752293577982,0.9089775561097256,0.27625165723919903,0.7582656262569384,,93,802,36,729,73,57
P0,42,TipSideRed,syndrome,0.6893854748603352,0.6293333333333333,0.6395663956639567,0.6194225721784777,0.7243346007604563,0.3622807453512032,0.7542015724339752,,369,526,236,381,145,133
P0,42,Spot,syndrome,0.7899441340782123,0.7848970251716247,0.8127962085308057,0.7588495575221239,0.7695560253699789,0.5814353884254274,0.8721080528641423,,422,473,343,364,109,79
P0,42,Ecchymosis,syndrome,0.8681564245810056,0.23376623376623376,0.21951219512195122,0.25,0.933579335793358,0.1623817431455293,0.6784417844178442,,82,813,18,759,54,64
P0,42,Crack,syndrome,0.8335195530726257,0.9012591119946984,0.9103078982597055,0.8923884514435696,0.44594594594594594,0.3720894974095447,0.7860903071746445,,747,148,680,66,82,67
P0,42,Toothmark,syndrome,0.7307262569832402,0.7838565022421524,0.8077634011090573,0.7613240418118467,0.6129943502824858,0.42896704249797396,0.7998527522792067,,541,354,437,217,137,104
P0,42,FurThick,syndrome,0.9698324022346368,0.9846153846153847,0.993103448275862,0.976271186440678,0.16,0.24001753296565148,0.8632183908045976,,870,25,864,4,21,6
P0,42,FurYellow,syndrome,0.9229050279329609,0.7781350482315113,0.7756410256410257,0.7806451612903226,0.9539918809201624,0.7314880269188757,0.9483189341105445,,156,739,121,705,34,35
P0,42,Heart,organ,0.6849162011173184,0.6544117647058824,0.6935064935064935,0.6194895591647331,0.6784313725490196,0.36854304729351123,0.747038451744334,,385,510,267,346,164,118
P0,42,Lung,organ,0.6793296089385474,0.7243035542747358,0.7406679764243614,0.7086466165413534,0.5984455958549223,0.3420492060151437,0.7268188157211641,,509,386,377,231,155,132
P0,42,Spleen,organ,0.9932960893854749,0.9966367713004485,1.0,0.9932960893854749,0.0,0.0,0.7851518560179978,,889,6,889,0,6,0
P0,42,Liver,organ,0.7318435754189944,0.7872340425531915,0.7900355871886121,0.784452296819788,0.6336336336336337,0.42472812852710523,0.7815288598206748,,562,333,444,211,122,118
P0,42,Kidney,organ,0.7508379888268156,0.8223107569721115,0.8701517706576728,0.7794561933534743,0.5165562913907285,0.4166842539255553,0.798811744078264,,593,302,516,156,146,77
A0,42,TonguePale,syndrome,0.8256983240223463,0.2641509433962264,0.3010752688172043,0.23529411764705882,0.8865336658354115,0.16860786702797975,0.7100126029013488,,93,802,28,711,91,65
A0,42,TipSideRed,syndrome,0.6983240223463687,0.64,0.6504065040650406,0.6299212598425197,0.7319391634980988,0.38064329250977813,0.7577359423784351,,369,526,240,385,141,129
A0,42,Spot,syndrome,0.788826815642458,0.7864406779661017,0.8246445497630331,0.7516198704103672,0.7568710359408034,0.5809192741669773,0.8702744406480769,,422,473,348,358,115,74
A0,42,Ecchymosis,syndrome,0.8849162011173184,0.29931972789115646,0.2682926829268293,0.3384615384615385,0.947109471094711,0.23944541003809172,0.7110221102211022,,82,813,22,770,43,60
A0,42,Crack,syndrome,0.8324022346368715,0.902088772845953,0.9250334672021419,0.8802547770700637,0.36486486486486486,0.32802406352384517,0.8006711530807916,,747,148,691,54,94,56
A0,42,Toothmark,syndrome,0.7016759776536313,0.748824082784572,0.7356746765249538,0.7624521072796935,0.6497175141242938,0.3822200863685617,0.7889710412815774,,541,354,398,230,124,143
A0,42,FurThick,syndrome,0.9687150837988827,0.9841089670828603,0.996551724137931,0.9719730941704036,0.0,-0.009830793602791042,0.7760459770114942,,870,25,867,0,25,3
A0,42,FurYellow,syndrome,0.8916201117318435,0.7087087087087087,0.7564102564102564,0.6666666666666666,0.9201623815967523,0.6443919302852447,0.9269543041532216,,156,739,118,680,59,38
A0,42,Heart,organ,0.6681564245810055,0.631055900621118,0.6597402597402597,0.6047619047619047,0.6745098039215687,0.3316007479344788,0.7451693404634581,,385,510,254,344,166,131
A0,42,Lung,organ,0.6480446927374302,0.7025495750708215,0.730844793713163,0.6763636363636364,0.538860103626943,0.27444194194695615,0.6905748343292242,,509,386,372,208,178,137
A0,42,Spleen,organ,0.9932960893854749,0.9966367713004485,1.0,0.9932960893854749,0.0,0.0,0.8145856767904012,,889,6,889,0,6,0
A0,42,Liver,organ,0.735195530726257,0.7944492627927147,0.8149466192170819,0.7749576988155669,0.6006006006006006,0.42411157285419354,0.7789319568678998,,562,333,458,200,133,104
A0,42,Kidney,organ,0.7620111731843575,0.8289156626506025,0.8701517706576728,0.7914110429447853,0.5496688741721855,0.4463419175135786,0.8036139061679863,,593,302,516,166,136,77
A1,42,TonguePale,syndrome,0.8346368715083798,0.29523809523809524,0.3333333333333333,0.26495726495726496,0.8927680798004988,0.20466765128889766,0.7160995361059717,,93,802,31,716,86,62
A1,42,TipSideRed,syndrome,0.7039106145251397,0.5813586097946287,0.4986449864498645,0.696969696969697,0.8479087452471483,0.37407612593616946,0.7495955567920698,,369,526,184,446,80,185
A1,42,Spot,syndrome,0.7642458100558659,0.7182910547396528,0.6374407582938388,0.8226299694189603,0.8773784355179705,0.5336954273625987,0.8497039167159304,,422,473,269,415,58,153
A1,42,Ecchymosis,syndrome,0.8793296089385475,0.2702702702702703,0.24390243902439024,0.30303030303030304,0.9434194341943419,0.2067718712310299,0.6942219422194221,,82,813,20,767,46,62
A1,42,Crack,syndrome,0.8212290502793296,0.8945981554677207,0.9089692101740294,0.880674448767834,0.3783783783783784,0.30900156844559495,0.7851224718694598,,747,148,679,56,92,68
A1,42,Toothmark,syndrome,0.7374301675977654,0.7903657448706513,0.8188539741219963,0.7637931034482759,0.6129943502824858,0.44214246559099846,0.7866004574078135,,541,354,443,217,137,98
A1,42,FurThick,syndrome,0.9474860335195531,0.9730040206777714,0.9735632183908046,0.9724454649827784,0.04,0.01383495296418492,0.7731494252873563,,870,25,847,1,24,23
A1,42,FurYellow,syndrome,0.9050279329608939,0.7301587301587301,0.7371794871794872,0.7232704402515723,0.9404600811907984,0.6725828763805599,0.9202751465944969,,156,739,115,695,44,41
A1,42,Heart,organ,0.6603351955307263,0.5957446808510638,0.5818181818181818,0.6103542234332425,0.7196078431372549,0.3034213985165803,0.7287802393684746,,385,510,224,367,143,161
A1,42,Lung,organ,0.6245810055865921,0.671875,0.6758349705304518,0.6679611650485436,0.5569948186528497,0.23328975960725165,0.6814998422183087,,509,386,344,215,171,165
A1,42,Spleen,organ,0.9932960893854749,0.9966367713004485,1.0,0.9932960893854749,0.0,0.0,0.8406449193850769,,889,6,889,0,6,0
A1,42,Liver,organ,0.7217877094972067,0.7973962571196095,0.8718861209964412,0.7346326836581709,0.46846846846846846,0.3775648404987576,0.7537163498017592,,562,333,490,156,177,72
A1,42,Kidney,organ,0.735195530726257,0.8141176470588235,0.8752107925801011,0.7609970674486803,0.4602649006622517,0.37248594324213435,0.799280792468423,,593,302,519,139,163,74
A2,42,TonguePale,syndrome,0.846927374301676,0.29743589743589743,0.3118279569892473,0.28431372549019607,0.9089775561097256,0.2120322351880328,0.7537741667337033,,93,802,29,729,73,64
A2,42,TipSideRed,syndrome,0.6927374301675978,0.5749613601236476,0.5040650406504065,0.6690647482014388,0.8250950570342205,0.3501452649523342,0.7390800333858851,,369,526,186,434,92,183
A2,42,Spot,syndrome,0.7564245810055866,0.7599118942731278,0.8175355450236966,0.7098765432098766,0.7019027484143763,0.5205242538060496,0.8486017454385139,,422,473,345,332,141,77
A2,42,Ecchymosis,syndrome,0.864804469273743,0.30057803468208094,0.3170731707317073,0.2857142857142857,0.9200492004920049,0.22634765928915124,0.7157621576215761,,82,813,26,748,65,56
A2,42,Crack,syndrome,0.8458100558659218,0.9119897959183674,0.9571619812583668,0.8708891595615104,0.28378378378378377,0.3250296779618642,0.7905314953507725,,747,148,715,42,106,32
A2,42,Toothmark,syndrome,0.7184357541899441,0.7692307692307693,0.7763401109057301,0.7622504537205081,0.6299435028248588,0.4083894830791407,0.7794625980346084,,541,354,420,223,131,121
A2,42,FurThick,syndrome,0.9709497206703911,0.9852607709750567,0.9988505747126437,0.9720357941834452,0.0,-0.005669458995917057,0.7873103448275862,,870,25,869,0,25,1
A2,42,FurYellow,syndrome,0.9083798882681564,0.7266666666666667,0.6987179487179487,0.7569444444444444,0.952638700947226,0.6725152780924115,0.9180111724090074,,156,739,109,704,35,47
A2,42,Heart,organ,0.664804469273743,0.6277915632754343,0.6571428571428571,0.6009501187648456,0.6705882352941176,0.32508945295333186,0.7251744334097275,,385,510,253,342,168,132
A2,42,Lung,organ,0.6547486033519553,0.7370212765957447,0.8506876227897839,0.6501501501501501,0.3963730569948187,0.2804150507059031,0.7092745096043243,,509,386,433,153,233,76
A2,42,Spleen,organ,0.9932960893854749,0.9966367713004485,1.0,0.9932960893854749,0.0,0.0,0.8702662167229096,,889,6,889,0,6,0
A2,42,Liver,organ,0.7229050279329609,0.7894736842105263,0.8274021352313167,0.7548701298701299,0.5465465465465466,0.3902202685182561,0.7650016564607311,,562,333,465,182,151,97
A2,42,Kidney,organ,0.7430167597765364,0.8211508553654744,0.8903878583473862,0.7619047619047619,0.45364238410596025,0.3891214195787881,0.7850139039344226,,593,302,528,137,165,65
